author,shortTitle,year,x,y,z,axisInfo,category
Khan,The Narrative of Decolonization of Development Aid,2024,10,-2,4,"{'x': {'citation': '""China, India and South Africa as those who no longer receive ODA are also rife in the literature [4]. Based on these cases, one could argue that it is possible for aid to end. However, these cases also create a fallacy about the """"end of aid"""", as these countries are now donors themselves. The idea should not be to replace existing donor countries with new donor countries, but to replace the system of aid itself with more equitable relationships based on mutual economic and political demands of \nboth giving and receiving countries."" (p. 4)', 'positioning': 'Khan argues here that the current system of aid and development cooperation promotes a fallacy in which the few countries that make it out of the ""recipient phase"" become donor states themselves and go on to influence the actions of the recipient states, perpetuating a faulty and antiquated system. Khan argues that the current system of development is beyond reform and must be completely transformed to truly decolonize development aid, thus landing this source at a 10 on the transformation side of the axis.'}, 'y': {'citation': '""South-South collaboration for development is based on the flawed premise that just because everyone belongs to a particular geographical, cultural or religious context, they will all get along with each other.\nThat is true to the extent that countries of the South can collectively challenge Northern domination.\nBut widespread power inequalities also exist within the regions of the global South based on geopolitical and economic variables such as history, wealth and global political status."" (p. 6)', 'positioning': 'While Khan highlights the collective power that the Global South has to reject Northern domination and colonial approaches to development work, they also highlight the importance of de-homogenizing the Global South and recognizing the power inequalities that exist within and between its countries. Thus the source ranks at -2 on the collective side of the axis because there is an emphasis on national distinction and intersectionalities despite highlighting the importance of a Global South collectivism .'}, 'z': {'citation': ''Western narratives on the decolonization of aid are bereft of meaning if they only focus on colonial history as their springboard, taking into account that current geopolitics and the struggle for global supremacy is now far more complex than the history of colonialism. And even if ridding ourselves of our colonial history were to be the key objective, Western understanding of how to do so is extremely arbitrary and vague. For instance, many in the Northern aid sector equate decolonization to institutional and systems change —including reforms in program management, evaluation, recruitment etc—. But these have nothing to do with decolonization since they are simply modalities within the larger structure. These “changes” are of no use unless resistance against the system of aid itself precedes them. And that resistance must come from outside the North."" (p. 7)'
, 'positioning': 'In this excerpt the author suggests a need for greater Global South influence in development cooperation practices in order to decolonize them. They write that the very use of the word “decolonization” is Global North construct which has been adopted in the Global South vernacular surrounding the issue of colonial continuities in development cooperation and highlighting the monopoly that the North has in addressing the issue. However, since the author does not explicitly call for the Global South to lead the address on decolonizing development cooperation but rather implies it by giving many examples where the North has too much autonomy in this regard, the source ranks at a 4 on the Global South side of the axis.'}}",['Academia']
BMZ,Overcoming colonial continuities in development policy,2025,1,-5,1,"{'x': {'citation': '""It starts with identifying and acknowledging these patterns and then gradually dismantling them.\nThis is the only way to establish a genuinely equal partnership between the Global South and the Global North.""', 'positioning': 'The BMZ acknowledges these colonial ""patterns"" and the mechanisms for decolonizing development cooperation. The BMZ calls for dismantling of these systems, however it does so objectively without specifying its role in these patterns or being in a position to address them. Thus it ranks at a 1 on the reform side of the axis.'}, 'y': {'citation': '“Partnership-based development policy acknowledges the atrocities committed under German colonialism and apologises for them. It reflects on Germany`s role and its position of power. It engages in open, honest dialogue about the past and the future of the relationships between Germany and its partner countries, even when this dialogue is uncomfortable. Its goal is to create equal partnerships. It is based on discussion and exchange, and aligns with the goals set by the partner countries themselves.”', 'positioning': ""The BMZ acknowledges Germany's historical involvement in colonialism, recognizing the present need to address its lingering effects through development cooperation. While emphasizing the importance of equitable partnerships and suggesting cooperative efforts, the passage remains vague about which actors should lead this effort. The mention of policy implies that the BMZ itself should act, yet this is never explicitly stated, allowing the BMZ to maintain a more neutral position, thus it ranks at a -5 on the collective side of the axis.""}, 'z': {'citation': '“It starts with identifying and acknowledging these patterns and then gradually dismantling them.\nThis is the only way to establish a genuinely equal partnership between the Global South and the Global North.”', 'positioning': ""This passage from the BMZ connects development policy to the historical context of colonialism. While the language used is somewhat abstract and employs passive voice, it suggests an acknowledgement of the need to address the lingering effects of colonialism on Global South nations. However, the text's ambiguity regarding agency—who is responsible for implementing the suggested actions—limits its direct commitment to change. Thus this source is placed at 1 on the Global South side of the axis because it demonstrates support for Global South initiatives without a clear commitment to them. ""}}",['Governments/Policy Statements']
Caixeta and Dos Santos,Decolonizing South-South Cooperation: An Analytical Framework,2022,8,-10,9,"{'x': {'citation': '“Conceiving SSC as an opportunity to decolonize development practices, according to Santos (2017, 272), implies, re-discussing the role of emerging countries in search of their strategic autonomy and the role of poor countries in the pursuit of their national interests, and more than anything reconsiders the hegemonic capitalist development model. In addition, it imposes a real and effective participation of the societies of those countries in this process.""""', 'positioning': 'This text suggests that decolonizing development cooperation starts with improving South-South Cooperation through reworking the status quo of Western hegemony and promoting self determination and greater autonomy across developing nations. It does not outrightly reject the current systems, but suggests making space for alternative approaches thus ranking it at an 8 on the transformation side of the axis.'}, 'y': {'citation': '“The peoples that inhabit the geopolitical space that we now know as Latin America and the Caribbean, from colonial invasions to the present day, design and practice forms of existence based on ancestral epistemological and ontological structures.\nThey were anchored in the sense of relationality, community spirit, solidarity, harmony with nature and pluriversity.\nAlthough these forms have been belittled and dismissed as backward, traditional and essentialist by theorists and practitioners of modern development, they are precursors to the criticism made today against modernity.\nThey denounce the failure of their hegemonic development model and point out the imperative of a new civilizing parameter based on the common in the face of global problems [...].”', 'positioning': '\​​This excerpt highlights the stated importance of returning to indigenous practices that prioritize community as a major step in decolonizing development and improving development outcomes in the Global South. The text offers several examples of the success of South-South Cooperation as a better alternative to the hegemonic relationships of dependency on the West that are predominantly used in development cooperation. As such, this source is placed at -10 on the collective side of the axis.'}, 'z': {'citation': '“As for the process or means of implementing SSC [South-South Cooperation], a moment when horizontality should be intermediating relations during cooperation activities, the analytical criteria for SSC initiatives would be: (1) it is conceived as a `policy of the common` between the local and global levels;\n(2) it develops through democratic practices; (3) it connects the global to the local levels in the midst of a political and social federalism (decentralized governments), that is, it seeks to decide together on the common ones.”', 'positioning': 'This passage highlights how South-South Cooperation (SSC) toward decolonizing development work should proliferate all levels of policy and society. It should incorporate Southern voices and approaches to development but also make room for voices that were silenced in the past, not only creating cooperation between the Global South as it is known today but also the many indigenous knowledges that were previously marginalized by colonization. Thus, this source ranks at a 9 on the Global South side of the axis.'}}",['Academia']
Vij (OECD),Developement Cooperation Report,2023,-2,-6,6,"{'x': {'citation': '“Localisation requires a thorough political economy analysis of both provider and recipient systems to identify latent risks it might pose to different actors, including those that might, at first glance, appear to benefit.”\n(p. 176)', 'positioning': 'Here, the author refers to localization in terms of greater local inclusion in development work. They call for a mutually beneficial agreement in which donors and external actors also benefit from localized development aid. This is framed within the context of current development systems while calling for greater localization of development cooperation. This source is not notably critical of the historical mechanisms of neo-imperialism that persist within this vision for development cooperation, taking a more diagnostic approach. Thus it ranks at a -2 on the reform side of the axis. '}, 'y': {'citation': ""“Localisation has a long history, with roots in the push for participatory approaches beginning in the 1960s […]  \nAt the same time, differences in interpretations of the objectives and practice of localisation make it difficult for development co-operation providers to coalesce around a shared vision that would enable co-ordination between providers and accountability for results.\nThere also appears to be […] a state of “functional inertia”, where development actors are aware that localisation is needed but are unable to operationalise their vision.\nIn addition, there is a specific need for evidence on the benefits and challenges of different approaches to localisation, including how development agencies' and ministries` institutional practices may either enable or hamper the achievement of locally led and inclusive development outcomes.\nCollectively building such an evidence base during this phase would help inform individual agency practice to push past the inertia.\nIt would also develop a shared understanding of localisation as both a process and an outcome, which” (OECD, 2023, p. 173)"", 'positioning': 'This excerpt highlights the acknowledged need within Western development agencies for increased localization to empower local stakeholders in the Global South or recipient state. It notes the importance of community building to pass on knowledge and build momentum away from dependency on foreign aid actors, but also addresses the systemic and bureaucratic barriers to achieving this from within development organizations. While there is an emphasis on collectivity as a priority it does not provide recommendations on how this can be achieved making it more passive, thus this source ranks at a -6 on the collective side of the axis.'}, 'z': {'citation': '“Moving towards an equal partnership model can be perceived as giving up control or as detrimental to the vested interests of providers and intermediaries.\nLocalising development co-operation likely means that some actors could lose out financially.\nHowever, providers can emphasise that localisation is not a financial zero-sum game.\nLocalisation does not prevent opportunities for sharing, cross-border research and co-generation of knowledge.\nReimagining the role of the intermediary and exploring models to change the structure of bilateral aid delivery could enhance the case for a new aid business model, one in which local priorities and ownership steer development outcomes.”\n(p.176)', 'positioning': 'This excerpt while mentioning the importance of increasing local ownership within development cooperation highlights concerns of Western stakeholders who stand to lose financially from increased local autonomy. Nonetheless it still pushes for a shift away from these Western actors in favour of Global South actors who should be given the space to determine their own priorities and desired development outcomes. Given this perspective, the source ranks at a 6 on the Global South side of the axis as it acknowledges the downfalls of a shift away from Western powers and persists in supporting a need for greater Global South involvement.'}}",['Governments/Policy Statements']
WACSI,"Decolonising Aid: Perspectives from 
Civil Society in Francophone Sub-saharan Africa",2023,-5,-8,8,"{'x': {'citation': '“4. Rebalancing forces in partnerships (35.7% of votes). 5. Increasing quality and access to capacity building programmes (34.7%) 6. Contribute to the respect of democratic values and good local governance (30.9%). 7. 7. Serving as a sidekick or companion (28.3%) 8. Contributing to the construction of ecosystems (21.3%) 9. Amplify local advocacy (20.4%)” (p.4)', 'positioning': 'This excerpt highlights a willingness of donor organizations to work within current systems and adjust them to better address the needs and demands of INGO partner organisations through better balancing of autonomy,  and taking a supporting role in development activities. It does not suggest a drastic shift of current development systems, rather suggesting that it can be fixed and improved for good. While the paper is still critical of modern development work, it ranks at a -5 on the reform side of the axis.'}, 'y': {'citation': '“Reviewing communication by reducing/ abandoning the use of technical jargon or words with racist connotation (37.7%). Indeed, language is a limiting factor to many small NGOs. Thus, changing communication discourses and practices will naturally influence the rest of the ecosystem”  (p.3)', 'positioning': 'Here the author highlights the reported emphasis on a systemic approach to decolonisation within INGOs through addressing racist, and technical jargon with the intention of this also shifting mindsets within the organisations. Language reforms are  third on the list of decolonising priorities, ranking this source at a -8 on the systemic side of the axis.'}, 'z': {'citation': '“Facilitating access to local knowledge and expertise is considered the first priority with 45.3% of the votes. Indeed, the impact of development programmes largely depends on the effective inclusion of endogenous knowledge and local expertise, in order to increase the ownership and sustainability of the final project.”\n(p.3)', 'positioning': 'This excerpt highlights inclusion and support of local and indigenous knowledge as the biggest reported priority when attempting to decolonise development cooperation. While it does acknowledge the disproportionate representation of Western actors in development work, it is not particularly critical of the linkages between Western actors and colonial continuities in development cooperation. Thus, it ranks at a 8 on the Global South side of the axis.'}}",['NGOs/Civil Society']
Icaza and Vázquez,The Politics of Decolonizing Development,2022,9,-6,4,"{'x': {'citation': '“Decoloniality provides a radical critique of modernity, by affirming that there is no modernity without coloniality, thus the alternatives to development should not lead to a renewed configuration of modernity. Decoloniality reveals that to overcome the paradigm of development we also need to overcome the epistemic and aesthetic territory of modernity. Decoloniality signals a delinking grounded on the relational ontologies that have been dismissed or suppressed under the Western project of civilization. The decolonial horizons are non-anthropocentric, non-monocultural; they engage in recognizing and fostering relational worlds.”\n(p. 67) ', 'positioning': 'The text suggests a transformative perspective as it  states modern development is inherently tied to coloniality and that the solution is not to reform this flawed system, but to drastically change it. While it is not explicitly mentioned, in this context the text proposes that an alternative and highly transformative method would be suggested as a resolution. However, since it is not explicitly written this text ranks at a 9 on the transformation side of the axis.'}, 'y': {'citation': '“Our point of departure is that the notion of development cannot be separated from the history of Western modernity. Development has functioned at one and the same time as representation and articulation of the modern/colonial divide. The division between the human and the savage, between civilization and nature, lingers behind the notion of development. From our point of view, development belongs to the epistemic tradition of the West that has arrogated to itself the authority to classify the diversity of the Earth as nature and the diversity of \npeoples of the world as “others.” In other words: development belongs to a Eurocentric and anthropocentric epistemology whose identity as the geographical center and historical now of humanity depended on the externalization of the Earth and the peoples of the world as otherness.”\n(p. 62)', 'positioning': 'The text posits how modern development work is a mechanism for othering of people within the Global South. While the authors speak of exclusion, there is also a sense of collectivism that comes out of the shared experience of exclusion by those in recipient nations, thus this ranks at a -6 on the collective side of the axis.'}, 'z': {'citation': '“In this same vein, we consider that the project of development is conceptualized in a radically different way by those who have suffered its force and who have seen the denigration and even extinction of their ways of living and of their possibilities to inhabit the world. A view from the “epistemic South” reveals a crude image of development that does not correspond to its self-representation as progress and salvation. The coloniality of development is evident for those whose livelihoods have been disabled by development projects.”\n(p. 63) ', 'positioning': 'The text proposes an alternate view of development work from a Global South or recipient nations. This perspective views development work as a mechanism that has historically dulled or snuffed out indigenous and non-western modes of existence. The text is diagnostic and does not propose this alternative perspective as a necessary solution, thus it ranks at a 4 on the Global South side of the axis.'}}",['Academia']
"Meininghaus, Suárez, Haidara, et al.",How to decolonise the Humanitarian-Development-Peace Nexus,2024,-7,-7,7,"{'x': {'citation': '“International donors should step up their efforts to reform their funding and reporting structures so that, as a first step, 25 per cent of aid per country is allocated directly to local aid organisations, as agreed in the Grand Bargain, and then gradually increased to 50 per cent according to clearly agreed timelines.”\n(p. 5)', 'positioning': 'This passage highlights explicit use of reform as the pathway to decolonising development work within the existing system. With regard to funding, currently only 2.4-4% of aid funding is allotted to local NGOs, but the authors recommend that a minimum of 25% should be required with the aim of increasing it to 50% over time. This still, however, depends on the willingness of largely Western aid actors. While the authors offer a very critical interpretation of the various flaws within the current system, they describe working within it. Thus it ranks at a -7 on the reform side of the axis.'}, 'y': {'citation': '“UN agencies, INGOs and local NGOs must increase their accountability to the populations they serve. At present, aid agencies tend to be accountable to international donors outside the country, rather than to the people who receive (or do not receive) aid inside the country.”\n(p. 5)', 'positioning': 'Here the authors recommend that external development bodies should increase the level of accountability owed to recipient nations and local actors. They are reportedly not the primary target audience of development work which favour western audiences and authorities. As such this highlights an opportunity for greater partnership which aligns with a more collective view of decolonizing development cooperation, thus landing the text at a -7 on the collective side of the axis.'}, 'z': {'citation': '“UN agencies, international agencies and INGOs should hire local staff as a rule, and expatriates only in exceptional cases, such as when the required skills are not available among staff from the same locality or country. The aim is not to nationalise the job market but to redress structural inequalities in the global job market. Moreover, qualified local staff should be in decision-making positions from the local to national, regional and HQ/global levels.”\n(p. 2)', 'positioning': 'This source highlights the prioritization of local expertise and contextual knowledge that is broadly lacking in the development space. It clarifies that the goal is not to nationalize or localize the job market of expertise in development work, suggesting that there must still be cooperation and involvement of Western actors. Thus this source ranks at a 7 on the Global South side of the axis.'}}",['NGOs/Civil Society']
"Kapazoglou, et al.",Decolonisation of development cooperation: Part III - The future is now: actionable pathways towards a decolonised development sector,2022,-2,4,3,"{'x': {'citation': '“Words create worlds and as such communication has a vital role to play in transforming the sector`s vocabulary as well as dominant forms of representation and storytelling. An increasing number of organisations are working to rid development language of paternalistic and technocratic jargon, whilst creating space for more colourful and diverse linguistic expressions.”', 'positioning': ""This excerpt highlights how organizations must transform their operations and conduct including language and mindsets. While it uses the language of 'transformation' the target of its recommendation remains within the confines of western development organizations suggesting a preference for reform. Thus it is ranked at -2 on the reform side of the axis.""}, 'y': {'citation': '[...]we, as development actors, can start out by acknowledging our possible contribution towards implicit racial biases and by identifying how such biases influence our thoughts, feelings and behaviours. Additionally, it is important to reflect on different aspects of our identity, such as race, gender, socioeconomic and educational status, to become aware of the privileges they grant us. [...] Addressing colonial mindsets, however, is not only an individual task, but also a responsibility of development organisations. Directors and managers, in particular, need to make room in staff`s agendas for meaningful conversations around colonialism`s effects on \ndevelopment cooperation, race and racism. And while reflexive conversations are bound to be deeply challenging, development organisations and practitioners should embrace the discomfort and take a hard look in the mirror to identify the colonial elements in their own work. Importantly, such conversations should not happen in a Northern bubble, but in collaboration with Southern organisations and partners, who can better recognise colonial prejudices and perceptions.”', 'positioning': 'While the authors highlight the importance of decolonizing work also happening at the organization level it is more so in the way of creating space for individual initiative whether its management or staff. Thus it ranks at a 4 on the individual side of the axis since the source focuses highly on individual efforts.'}, 'z': {'citation': '“A Thousand Currents, a U.S.-based grant-making NGO, has forged  a bottom-up, participatory approach to impact investment through its Buen Vivir Fund25. The fund, which supports grassroots economic initiatives that yield financial, environmental and social returns, operates through a member assembly, where grantees and investors have equal decision-making powers through their vote.26 Participatory grant-making, which ultimately”', 'positioning': 'While the authors do not explicitly outline any recommendations for decolonizing development, they draw on examples such as “A Thousand Currents” that favour Global South frameworks, which highlight increased autonomy and local participation and capacity building. It thus ranks at a 3 on the Global South side of the axis since it does not explicitly call for the use of Global South frameworks, but suggests examples that do.'}}",['NGOs/Civil Society']
Van Beurden,Restitution or Cooperation? Competing Visions of Post-Colonial Cultural Development in Africa,2015,-1,0,-8,"{'x': {'citation': '“Cahen wanted the term `restitution` avoided at all cost because its use would imply an acknowledgment of the legitimacy of Congo`s interpretation of colonialism as exploitation.”\n(p. 11) ', 'positioning': ""This piece retells how the Belgian Tervuren Museum used language of development aid and cooperation to frame its controlled 'donation' of DRC's (Zaire's) artifacts back to the country of origin, contrary to the narrative of restitution posited by the Congolese stakeholders. In so doing, it highlights how colonial powers did not and do not necessarily want to change the system of development cooperation to benefit developing nations at their expense. Rather they often will uphold the façade of doing so all the while introducing new neo-colonial mechanisms of control. This source acknowledges this issue from a more diagnostic perspective without taking a largely critical stance, thus it ranks at a -1 on the reform side of the axis.""}, 'y': {'citation': '', 'positioning': 'The criteria of this access are not addressed in the source.'}, 'z': {'citation': '“The term restitution was inextricably bound up with a view of Belgian colonialism as a system of exploitation. Defining a transfer as `gift` or `support`, on the other hand, affirmed Belgium`s self-image as a benevolent (former) colonizer. Not only did Tervuren hold on to almost its entire collection; its involvement with the IMNZ lent it an air of moral superiority and generosity. Ultimately, Belgium`s ability to define the transfer, its content, and its timing, made it more an act of domination than an exchange between equals. The use of language \nsuch as `development cooperation`, then, also reinforced an appearance of neutrality in a relationship that was plagued by historical inequalities.”', 'positioning': 'This passage highlights how the Belgian museum not only used language to maintain possession of Congolese artifacts but also a hegemonic relationship while positioning itself publicly as a gracious donour dedicated to helping the Congolese government build up its own museum and institutions that were deemed suitable by western standards before allowing them to once again possess artifacts that were stolen from them in the first place. This source, being analytical in nature, retells an instance in which an attempt to decolonize was twisted and used to further benefit the western institution. While it acknowledges the duplicitous nature of the Belgian museum and its management, it does not suggest anything for how the situation could have been avoided or improved. Thus it simply highlights an example of an insincere attempt and rather extreme example of failed decolonising development cooperation by a Western stakeholder, thus it ranks at a -8 on the Western side of the axis.'}}",['Governments/Policy Statements']
Goris and Magendane,"Taking a historical perspective on the decolonization of aid, May 2021",2021,4,-4,2,"{'x': {'citation': '“Despite these difficult questions and ongoing complex interlinkages between colonialism and humanitarianism, our conclusion should by no means be the abolishment of humanitarian and development aid. […] In other words, while the current international aid system does have a colonial stain, it is possible to `save the baby`: We can decolonize the international aid system without losing or questioning the fundamental principles of humanitarianism and international solidarity.', 'positioning': 'This quote, while not providing specific recommendations for how development aid can be improved, however it does have a focus on humanitarianism framing development work in a way that emphasises solidarity and saving lives. It suggests that changes within development aid need to be made, citing critical perspectives from experts focussing on decolonising development, but does not specify these changes. As such it argues for reform within transformation, thus ranking at 4 on the transformation side of the axis. '}, 'y': {'citation': '“True decolonization is achieved through a profound philosophical shift, Taithe explained. And this shift not only pertains to the `coloniser` alone; it also demands the mental decolonization of the formerly colonised and those who are today`s recipients of aid. While formal and institutional decolonization was achieved, for the most part in the middle and late 20th century, this less tangible, social and psychological decolonization is not yet completed. The myth of the `white saviour` and \ncolonial connotations are still present; perpetuated not in the least by the imagery of the poor, starving African that continues to drive the international aid system.”', 'positioning': 'This excerpt calls for systemic dismantling of colonial ties through imagery and language, collective systems of colonisation that still linger in the minds of the formerly colonised, and current recipients of aid as well as those who work on the other side in development organizations. This text calls for a profound shift suggesting transformation at the systemic level. It suggests a collective effort must be made on both ends to disrupt colonial use of colonial mechanisms such as language and imagery thus ranking it at a -4 on the collective side of the axis.'}, 'z': {'citation': '“True decolonization then, also means that we should not take `the West` as epicentre of humanitarianism. Rather, Western development aid should be understood as one component of a much broader and global collection of efforts, movements and international relations.”', 'positioning': 'This excerpt asserts that Western development practices and systems are not the only institutions capable of dictating development cooperation. Rather they are just a part of a much larger system, suggesting there is room for Global South voices and practices in the development space. This text acknowledges alternatives to Western development cooperation, however it is not explicit in identifying these alternatives so it ranks at a  2 on the Global South side of the axis.'}}",['NGOs/Civil Society']
BMZ,Feminist Development Policy - For Just and Strong Societies Worldwide,2023,6,-3,2,"{""x"": { ""“Through new and adapted training policies, the BMZ is building its employees’ skills in relation to the core elements of a feminist, post-colonial and anti-racist development policy and sensitises them to relevant topics.” (BMZ, p. 33)"": """", ""This excerpt highlights the plan to work within the existing system of development cooperation, starting with the updated training of  employees and internal policies. As such it ranks at a 6 on the reform side of the axis because while the paper acknowledges and condemns colonial histories of development cooperation it does not express a desire to shift away from the stakeholders who have the biggest hand in this."": """" }, ""y"": { ""“The BMZ advocates for women and marginalised groups in the partner countries to be represented fairly in political and corporate decision-making bodies and in local and regional planning and budgeting processes. This applies, for example, to representatives of Indigenous Peoples, local communities, children and youth, and people with disabilities.” (BMZ, p. 27)"": """", ""This excerpt highlights the effort toward inclusion of historically marginalized communities suggesting a push for greater partnership. However there are no specific mechanisms mentioned by which this can be achieved, so it ranks at a -3 on the collective side of the axis."": """" }, ""z"": { ""“The BMZ’s feminist development policy aspires to pursue a post-colonial and anti-racist approach. This (learning) process, which involves critical reflection on issues of power, starts with the recognition that colonial continuities and racist thinking are still present in German development cooperation today. The aim is to eliminate these continuities and ways of thinking from development cooperation and to establish an equal partnership between the Global North and the Global South.” (BMZ, p. 11)"": """", ""This excerpt highlights the BMZ’s explicit aspiration to make a shift away from colonial development structures through critical reflection, acknowledgment and elimination of historically unequal mechanisms of development cooperation in favour of more equal partnership. While it does not explicitly mention a shift to Global South methodologies, the aim to reject Global North/Western ideologies ranks it at a 2 on the Global South side of the axis."": """" }}",['NGOs/Civil Society']
Adeyi (OECD),In focus: Transitioning out of aid dependency in health,2023,-7,-4,6,"{""x"": { ""“This is not a call to reduce or end this assistance but to repurpose it in ways that build developing countries’ self-sufficiency and local accountability while boosting investment in global and regional public goods. (OECD, 2023, p. 89)"": """", ""This paper highlights the historic dependence created by medical aid cooperation between Global North donours and Global South recipients. While it acknowledges the faults of the current system it suggests that rather than ending aid that it should be redistributed in a way that alleviates this dependence. As such it ranks at a -7 on the reform side of the axis."": """" }, ""y"": { ""“Leaders of low income countries (LICs) and lower middle-income countries (LMICs) should lead and take ownership as the principal decision makers about their countries’ health policies and programmes. National medium-term expenditure frameworks – not the preferences of international financiers, foundations and bilateral aid agencies – would then drive country budgets. This would help make leaders of LICs and LMICs accountable and responsible for the consequences of their actions and inactions. The premise of this shift is that economic development, including health, cannot happen without some variety of compact between the government and the governed and the recognition that it is impossible to develop someone else’s country from the outside” (OECD, 2023, p. 93)"": """", ""This excerpt calls for greater ownership on the side of recipient states about aid conduct and allocation within their countries which would encourage greater partnership between donour and recipient stakeholders. However the paper frames this in a way that maintains cooperation between donour and recipient states so it ranks at a -4 on the collective side of the axis."": """" }, ""z"": { ""This approach would mean that developing countries pay for basic health services from their own resources and according to their own priorities; that strategic decisions for the Global South are made by the Global South at regional or country level; that recipient countries are not bound to using aid dollars to purchase goods and services from donor country suppliers; and that the Global South develops its own network of institutions and expertise for health security, resilient health systems and locally sustainable financing. This transformation would also help achieve the global health goals of the 2030 Agenda for Sustainable Development.” (OECD, 2023, p. 89)"": """", ""This excerpt highlights the need for greater purchasing autonomy on the part of aid recipient states in the Global South as well as better development of their own institutions to create long-term solutions for healthcare resilience. As such this push for stronger Global South autonomy and independence ranks this source at a 6 on the Global South side of the axis."": """" }}",['Academia']
Apffel.-Marglin et al.,Decolonizing Knowledge,1996,0,-2,8,"{'x': {'citation': '', 'positioning': 'This source does not mention either reform or transformation.'}, 'y': {'citation': '“Although the newly independent Tanzanian state made one of the sharpest ideological breaks with colonialism among Third World nations, its commitment to industrialization and modernization—that is to development—necessarily made empty rhetoric of its pronouncements. By replacing people`s own community-based social and cultural organizations with governmental ones, through such schemes as resettlement and government co-operatives, the state achieved the destruction of the context in which people`s knowledge emerged and could be practised. In the resulting vacuum and atomization, the form of knowledge associated with industrialization and modernization—namely the dominant Western form—encounters little resistance and can even be perceived as the only alternative. It is instructive to note that in the United States a similar destruction of community institutions was the prerequisite for the modernization and industrialization of agriculture.”(p.11)', 'positioning': 'This excerpt highlights the authors’ critical analysis of Tanzanian independence, arguing that its emulation of Western modernisation was detrimental because it replaced traditional community-based societal organization. The authors underscore how this approach led to a breakdown of community and cultural knowledge within re-emerging Tanzanian society, thus emphasizing their reverence for alternative community-based social organization, however this sentiment is not explicitly mentioned but rather implied so this source ranks at a -2 on the collective side of the scale.'}, 'z': {'citation': '“The knowledge of the experts— engineers, technicians, economists, anthropologists, and many others—can be exported world-wide and applied in varying contexts because of this [premise]. Local knowledge, in contrast, is just that, local. Universality is the privilege of this modern mode of thought. It is this privilege which has enabled this mode of knowing to confidently override local ways of knowing and doing, secure in its ability to deliver superior results. The First World is `developed` and the Third World is `developing` or `underdeveloped`. In these phrases the telos of development stands revealed and the superior results are there already, luring everyone `forward`. Simultaneously, this logic transmutes all alternative visions rooted in local knowledge as going `backwards`, a charge that acquires its clout wholly from a progress- oriented notion of development […] What seems to be emerging at the end of the century is a realization that the price one pays for the goods industrialization and development bring is not only environmental destruction and social fragmentation but the colonization of the mind […]What is at stake is the privilege that this form of thought enjoys due to its claims to universality, not whether it is itself a valuable addition to the repertoire of ways of knowing and doing.”(Ch.1, pp.1-2)', 'positioning': 'TThis excerpt highlights the colonial perception that Western development models and knowledge are universally applicable while local or indigenous knowledge is widely considered to be outdated and responsible for lack of societal progress according to colonial standards. The authors, however, challenge this belief that this type of modernisation comes at significant environmental, social and psychological costs demonstrating that there is indeed value in local and indigenous knowledge for development without the costs of Western forms of development. As such this source ranks at an 8 on the Global South side of the axis. '}}",['Academia']
Dutt,No Development (Economics or Studies) Without Decolonisation,2025,2,0,0,"{'x': {'citation': '”For the field of development studies and development economics to be useful and scientific fields of inquiry, it is imperative, then that this Eurocentric edifice be dismantled. The decolonisation of development studies requires departing from any framework that considers as its starting point an idealized experience of endogenous capitalist development in the capitalist centre and makes sense of realities only in relation to it (Dutt et al. 2025). It challenges a teleological view of capitalist development and unravels the apparatus of power through which the centre-periphery dichotomies are constructed and legitimized with the development of capitalism. This means dismantling the dominance of Eurocentric theories, methodologies, and approaches in development studies and to challenge the structural exclusions in development studies that supports and legitimizes Eurocentrism, and in turn, imperialism.”(Ch.1, pp.1-2)', 'positioning': 'In this excerpt, Dutt employs the language of ""dismantling"" and ""unraveling"" to propose a re-evaluation of the development field. They argue that the existing system is fundamentally compromised by Western capitalist teleologies, which are intentionally homogeneous and thus exclude numerous non-Western contexts. This exclusion, they suggest, leads to flawed development approaches and delegitimizes alternative frameworks, such as those originating in developing nations. The author is critical of the eurocentric approach to development studies and work and acknowledges the need for an alternative system that rejects the current approach, however they do not offer specific tactics for accomplishing this, so it ranks at a 2 on the transformation side of the axis.'}, 'y': {'citation': '', 'positioning': 'This source does not mention either reform or transformation.'}, 'z': {'citation': '', 'positioning': 'This source does not mention either reform or transformation.'}}",['Academia']
Khan,Envisioning an alternative ecosystem for global development and humanitarianism.,2023,10,-3,8,"{'x': {'citation': '”This concept paper challenges the terms `decolonisation`, `localisation` and `shift the power`, which have been the stand-out keywords within the heightened discourse in global development and humanitarianism (among many other sectors). It does so by taking a more radical view […]secondly, by considering that it is not a `reimagining` of aid that is necessary, but rather the end of the aid systems—at least as we know them.”(Khan, 2023, p. 5)', 'positioning': 'This excerpt highlights the need for a radical approach to addressing colonial continuities in international development cooperation. It suggests that the end of aid as we know it is necessary to truly decolonise it thus leaning to the reform side of the axis at a 10 on the transformation side of the axis. '}, 'y': {'citation': 'A Cooperation Framework or mechanism should be developed in terms of how entities in different countries working on similar issues can come together to form coalitions or regional groups.(Khan, 2023, p. 14)', 'positioning': 'In this excerpt the author highlights the need for a framework of cooperation between development entities at the regional level. This suggests a theme of collectivism, though not particularly assertive, and thus it ranks at a -3 on this side of the collective side of the axis.'}, 'z': {'citation': 'Cooperation would not cease in this ecosystem. Instead, it would revolve around regional and national coalitions or networks that would represent particular issues and/or regions with similar interests. Instead of `donors` sitting in headquarters in countries of the so-called `Global North`, these coalitions would be based in closer proximity to the location of the cause, e.g., North Africa, or the Caribbean. This would also have the advantage of providing cultural and social compatibility between the financial providers and receivers. Instead of just one form of conventional funding in the form of `aid`, there will be many different types of funding available and means by which to access them. Ultimately, the end result would be a more equitable and ethical system which allows each country to participate based on its own ability to make decisions and utilise its own resources as much as possible.(Khan, 2023, p. 12)', 'positioning': 'This excerpt highlights the author's call for increased cooperation between more similarly aligned–whether political, social, cultural, economic or geographic–states and populations who better understand the needs of one another to be in coalition with one another rather than the traditional North-South approach to development cooperation. This suggests a new kind of collectivism where the South works with the South and less monopoly on dictating development operations and mechanisms from the North thus creating a more equitable and inclusive system of international cooperation. Thus this excerpt ranks at a 8 on the Global South side of the axis.'}}",['NGOs/Civil Society']
"Magen Fabregat, Aït-Aïssa and Maiziere",Humanitarian Aid on the Move (The decolonisation of humanitarian aid and localisation: a critical synthesis),2024,-4,2,1,"{'x': {'citation': 'Social justice and the safeguarding of the environment cannot be achieved unless local people are involved. This necessitates recourse to the social sciences, to solutions based on nature and culture, and to participative initiatives which take into account the voices of people who are otherwise marginalised. As a result, the entire narrative is transformed: we move from `localisation` to `contextualisation`; we prefer `fellow actors`` to `beneficiaries`; and we evolve from `partnership` towards `alliance`; and we aim to turn `decolonisation` into `shared struggles for emancipation`.” (Saillard, p. 36)', 'positioning': 'This quote highlights the acknowledgment of a need for transformation of the humanitarian aid system and the belief that it can be done under current western systems to better meet the needs of recipient states and populations. While using the language of transformation it falls under the reform space given the idea of working within the current system of development cooperation. Thus it ranks at a -4 on the transformation side.'}, 'y': {'citation': '“Thus, our second recommendation is that we must promote the cross-fertilisation of knowledge, investing in research and dialogue with those who have local skills and expertise, and giving a voice to lived knowledge and skills” (p. 34)', 'positioning': 'This excerpt highlights a call for collective and inclusive thinking toward humanitarian aid that takes into account the experiences of those in recipient states. Thus it suggests a greater need for a collective approach that transcends the borders of the donor state and donor organizations. However there is no explanation as to how this should be done or specific areas in which humanitarian aid should become more inclusive so it is not particularly compelling. As such it ranks at a 2 on the collective side of the axis.'}, 'z': {'citation': '“Thus, our second recommendation is that we must promote the cross-fertilisation of knowledge, investing in research and dialogue with those who have local skills and expertise, and giving a voice to lived knowledge and skills” (p. 34)', 'positioning': 'This excerpt suggests a need to incorporate local knowledge and skills, with the implication that these differ from Western knowledge, skills and approaches thus giving the impression that they are fundamentally unique to recipient states and populations, and perhaps even incorporate indigenous thinking. However, this is not explicit, so it ranks at a 1 on the Global South side of the axis.'}}",['NGOs/Civil Society']
Passa,Humanitarian Aid on the Move (Decolonising aid: a complex process of renewing international solidarity),2023,5,0,0,"{'x': {'citation': '“Rethinking the international solidarity movement requires a change of paradigm, going beyond assistance in building reciprocal partnerships between international and national actors. It requires our liberation from project mode, and from bureaucratic or management imperatives, and the transformation of `recipients` into `active agents` regarding public policy choices and modalities. We need to rebuild international aid based on solidarity and equality as part of a wider vision of historical justice and recognition of cultural diversity.” (Saillard, p. 61)', 'positioning': 'This excerpt suggests that a shift in paradigm is necessary to decolonise development cooperation and that the current system is inherently biased toward western systems of neocolonialism from which recipient states need to be liberated. The language of rebuilding and paradigm change thus rank it at a 5 on the transformation side of the axis.'}, 'y': {'citation': '', 'positioning': 'This source does not mention either reform or transformation.'}, 'z': {'citation': '', 'positioning': 'This source does not mention either reform or transformation.'}}",['NGOs/Civil Society']
Shikwati,"Aid, Development: Why Africans Must Dream and Go out ",2000,-1,-1,1,"{'x': {'citation': '“Africans need to adopt the imagery of surviving in a “global jungle” where all interactions are driven by cut-throat interests. The ultimate goal of all external powers` involvement in Africa is to satiate their short-term and long-term commercial and security interests.” (Shikwati, p. 371)', 'positioning': 'This quote suggests that rather than transforming the development aid system, the African continent should accept it for what it is–“cut-throat” and selfishly motivated–and figure out strategies to develop and pursue and protect its own interests as a continent and amongst the individual nations. While critical of the current aid system the author does not reject it, rather suggesting working within the current system rather than transforming it, so this source ranks at a -1 on the reform side of the axis.'}, 'y': {'citation': '“Africans cannot run away from engaging other countries and regions. This calls for a strategy of engagement. To effectively manage its relations with other regions, the people of Africa must evolve a development model that draws from its experience with the West, emerging economies and its traditions. The development model should make it easier to address internal impediments to growth, such as low productivity, high transaction costs, poor market access and unfavorable investment climate. It is important therefore to nurture the culture of know-how and know-why in order to skillfully navigate and manage domestic and global interests.” (Shikwati, p. 375)', 'positioning': ""The author contends that while Western powers have historically exploited development aid to advance their own interests in Africa, African nations create their own opportunities for greater agency while still in collaboration with traditional donor nations to establish conditions that primarily benefit themselves. This perspective, while critical of donor states, places the onus on African states to work cooperatively amongst themselves as well as with these donors to ensure development aid genuinely serves the recipients' interests. This perspective thus ranks at a -1 on the collective side of the axis.""}, 'z': {'citation': 'African countries must proactively seek to build their own market systems based on freedom of choice to facilitate judicious exploitation of their resources', 'positioning': 'In this excerpt the author highlights the need for African states to create their own opportunities for growth and development, however it suggests that they have the capacity to do so in the current system, not recognizing the barriers created by current colonial continuities in development aid cooperation to achieve this. Thus this source ranks at a 1 in the Global South side of the axis.}}",['Academia']
Goris and Magendane,"Transformational solidarity: the journey towards decolonising development cooperation, June 2021",2021,-3,-1,5,"{'x': {'citation': 'On the contrary; development cooperation operates within, and at the same time perpetuates, a much broader (colonial) system. Unpacking development cooperation in this fashion it becomes clear that it is not development cooperation itself but the system in which it is embedded that needs to be decolonised.” (“Transformational solidarity: the journey towards decolonising development cooperation”)', 'positioning': 'This excerpt suggests that the development cooperation in itself is not influenced by colonial continuities but rather the system in which it manifests (i.e., Western hegemony) and thus it can still be improved through decolonization of the system itself. However the authors are still highly critical of the colonial systems which is at odds with their argument that development cooperation so this source ranks at a -3 on the reform side of the axis.'}, 'y': {'citation': 'The people in the global South are not mere recipients or beggars holding up a bowl. They are people full of ideas, creativity, and agency, able to co-create solutions to their own challenges […] true transformative approach to decolonisation requires from INGOs in the global North that they scale down and become smaller, allowing for their Southern national and regional colleagues to take the lead.” (“Transformational solidarity: the journey towards decolonising development cooperation”)', 'positioning': 'This excerpt highlights the call for collective action on the part of the Global South to share their knowledge and expertise to challenge colonial continuities and Global North perceptions of how development cooperation should be conducted. It also posits that the North needs to make room for the Global South to engage in this capacity underscoring the cooperative shifts in agency that must take place for decolonising development cooperation. Thus this source ranks at a -1 on the collective side of the axis since it is for increasing intra-Global south cooperation but also cooperation between the South and the North. '}, 'z': {'citation': '[...] we must determine how power can effectively be shifted to the South. To answer that question, again, the North must take a step back. `We need to hear from the leaders of the Global South, without shifting the burden on them,`” (“Transformational solidarity: the journey towards decolonising development cooperation”)', 'positioning': 'This quote suggests that the Global North needs to take a step back from leading development cooperation and that there needs to be more room made Global South expertise. As well the authors highlight that this must be done in a supportive role so as not to rest the burden of such decolonizing work solely on Global South experts. The source still suggests cooperation with the Global North so it ranks at a 5 on the Global South side of the axis.'}}",['NGOs/Civil Society']
Ziai,Postcolonial critique of economic development,2023,10,-9,3,"{'x': {'citation': 'If one is serious about poverty reduction, however, one has to take the unavoidable step from reforming development cooperation to reforming global capitalism. The massive net transfer of wealth from the South to the North, which amounts to 1 trillion dollars annually according to estimates (Griffiths, 2014), cannot be stopped or compensated by that part of ODA that actually goes to the recipient countries, and which is no more than one-tenth of this sum. Thus, to ameliorate global inequality, one would have to deal with questions of world trade, debt service, repatriated profits by multinational corporations and illicit financial flows by elites on the one hand, and remittances through labour migration and reparations for colonialism on the other.” (Ziai, 2023, p. 381)', 'positioning': 'This excerpt suggests that not only does the system of economic development aid need to be changed but that the global capitalism, which is the root of the issue, also needs to be changed, thus highlighting that the global culture of those donor states is inherently flawed and must be completely reset to actually benefit those on the recipient side. Given the explicit use of current development cooperation systems, this source ranks at a 10 on the transformation side of the axis.'}, 'y': {'citation': '“Reforms in development cooperation concerning participation, ownership and empowerment are by no means new, but they have always remained within the limits of the institutional setting. In recent years, demands for reforms have included awareness training concerning colonialism and racism or the distribution of vouchers to communities that they can spend on projects by development agencies, thus creating a genuine market for these actors  the latter being in line with an empowerment understood as that of a paying customer demanding value for money already used as a justification for privatization in the World Development Report 2000/2001” (Ziai, 2023, p. 381)', 'positioning': ""This excerpt criticizes how efforts to decolonize development cooperation are ineffective despite their ongoing existence, normally only occurring at the institution level and not addressing the greater culture of neo-colonialism at the state level which promotes the ideals of exclusion, racism and prescriptionary action which said reforms seek to address. The author suggests that these attempts at inclusion and empowerment ultimately promote and further rationalize the privatization of development aid which creates the problem of colonial continuities in development cooperation in the first place. As such, the author's criticism highlights a greater need for larger axis activity toward empowerment and inclusion beyond development cooperation institutions to achieve real change, thus ranking it at a -9 on the collective side of the axis.""}, 'z': {'citation': '“The concept of `provincializing Europe` points out that in social science, European thinkers have coined concepts based on European experiences but claiming universal validity. Although they often prove useful for non-European thinkers as well, to treat these concepts as universal has limiting effects, excluding non-European alternatives. To provincialize Europe would thus mean to reveal the historicity, contingency and particularity of these concepts.” (Ziai, 2023, p. 375).', 'positioning': 'This excerpt highlights how current development cooperation relies largely on Western ideals and tends not to leave room for Global South knowledge or perspectives. The author notes a sense of universalism which when applied to recipient states is often to their detriment rather than benefit. As such, the author implies that greater global south knowledge should be included in development cooperation rhetoric, however this is not made explicit. As such, this source ranks at a 3 on the Global South side of the axis.
'}}",['Academia']
"Webb, et al.","Power Footprint Learning Report
",2024,-1,-1,5,"{'x': {'citation': 'Through self-assessment, regular monitoring, and public sharing of power footprints, international organizations can actively contribute to building more diverse, equitable, and inclusive social good industries while addressing the inherent power imbalances within the sector. The Power Footprint initiative emerged from a crucial realization within WeRobotics: localization initiatives and discussions have a distinct need to confront the unchecked influence of Global North-led international organizations.” (Webb et al., 2)', 'positioning': 'This excerpt highlights the issue of a power imbalance in development cooperation that favours the Global North and the negative impacts within the Global South without explicitly mentioning the linkage to colonialism. It suggests that development cooperation must be improved to be more equitable and that this starts by distributing power more evenly across all stakeholders both in the North and South. As such it suggests working within the existing system and thus, ranks at a -1 on the reform side of the axis.'}, 'y': {'citation': '“Recognizing the centrality of relationship-building in this endeavor, the next organization leading this initiative must approach this role with a strategic focus on cultivating strong, collaborative networks to propel the initiative forward.” (Webb et al., 13) ', 'positioning': 'This excerpt highlights the importance of collaboration from a variety of stakeholders to successfully achieve the goal of monitoring, evaluating and shifting power within development cooperation to make it more equitable. However the extent of this collectivism remains largely at the institution level so the source ranks at a -1 on the collective side of the axis.'}, 'z': {'citation': '“The dismissal of research from the Global South perpetuates disparities in knowledge production and dissemination between the Global North and South. This reinforces a hierarchical system where knowledge generated in the Global North is often privileged over that from the Global South, contributing to the marginalization of Southern scholars and perpetuating colonial legacies.” (Webb et al., 7)', 'positioning': 'This excerpt draws attention to the historical neglect of Global South knowledge by the Global North within development cooperation discourse. The authors highlight the resulting power imbalance that occurs as a result of invalidating Southern knowledge and thus negatively affecting development efforts occurring within the Global South. Here they explicitly mention the resulting perpetuation of colonial legacies that occurs, suggesting that there is a need to rebalance knowledge systems within development work to incorporate more Global South knowledge. As such, this source ranks at a 5 of the Global South side of the axis.'}}",['NGOs/Civil Society']
Ali and Romain Murphy,Black Lives Matter is also a reckoning for foreign aid and international,2020,9,-9,9,"{'x': {'citation': 'Calls to reform institutions that are founded on, and perpetuate, unequal and violent global structures is futile. We should learn from the BLM movement that abolition is not abandonment. Instead, DEFUNDING AND DISSOLVING these institutions is the most effective step towards building a new system that is truly based on equity and justice. The countries of the Global South can help to create alternative institutions that are based on solidarity, and that benefit all.', 'positioning': 'In this excerpt the authors say that defunding and dissolving the development aid system and its institutions is the only way to improve development work in the Global South. The system as it is does not effectively address inequity and injustice, and thus must be transformed to truly do so and benefit recipient states. As such this source ranks at a 9 on the transformation side of the axis.'}, 'y': {'citation': 'Every person in the aid and development sector must start by questioning our own complicity in unjust systems that lack accountability to communities. As ARUNDHATI ROY STATES, “Charity douses anger with pity…Charity keeps the structures in place.” We must ensure that our voices are not silenced by money. We cannot be armchair activists and support those on the streets while leading our own, separate, comfortable lives. Accountability to the communities we serve starts with questioning our own complicity in poverty, injustice and disempowerment.', 'positioning': 'This excerpt highlights the importance of collective action toward decolonizing development aid institutions and the system as a whole. The authors suggest that this must be done via every individual within the system and all levels and within all facets, whether on the donor or recipient side. A more collectively critical set of stakeholders will help catalyze change these inherently flawed systems of development and cooperation that currently lack accountability. As such this source ranks at a -9 on the collective side of the axis.'}, 'z': {'citation': 'To enact notions of solidarity and truly shift power to local communities, a reckoning requires new board leadership and senior management that represent the communities that INGOs and other aid organizations claim to serve. Funding must be prioritized and disbursed much more widely to those on the frontlines of social justice and movement building.', 'positioning': 'In this excerpt the authors call for greater inclusion of frontline workers and community level representatives in development activities to best advocate and understand the needs of the recipient states and communities. This essentially means greater inclusion of members of the recipient states or Global South. Thus this source ranks at a 9 on the Global South side of the axis.'}}",['NGOs/Civil Society']
Aquino and Page ,Decolonizing U.S: Aid and Foreign Policy,2022,-6,-8,4,"{'x': {'citation': 'U.S. foreign policy is characterized by the othering of non-American populations, especially non-white ones, and a belief that U.S. global leadership is both necessary and globally beneficial. U.S. strategy continues to center a militaristic approach above all else. Reporting, for example, about China, Russia, and Iran—and, by extension Chinese, Russian, and Iranian people—continues to be dehumanizing and uncomfortably reminiscent of colonial-era language, featuring them most often as threats to American security. U.S. strategy remains rooted in White supremacist notions that demonize non-white governments and insist that only through force will our own population be secure [...] As we invite an expansion of our conceptualization of security to include peacebuilding, we have to consider how to ensure we are working towards a positive peace. Current practices position U.S. peacebuilders as leads, relegating the local communities they serve to the sidelines, or the recipients of services. Peace Direct’s research has long shown that peace-building efforts that are led by local communities have more buy-in, are more sustainable, and most importantly, are most impactful.', 'positioning': 'In this excerpt the authors focus on the US’s approach to foreign policy highlighting the historic militaristic approach that by nature tends to other the recipients of US foreign intervention. The authors suggest that this approach and the language it employs is reflective of colonial mechanisms of dehumanization of recipient nations who are falsely perceived as a threat to US security. They argue that this approach must be expanded to include a peacebuilding structure that focuses on working with recipient states and communities and greater room for local participation to address US security concerns. Given that the authors suggest expanding the current approach to foreign policy while offering criticism of it, this source ranks at a -6 on the reform side of the axis.'}, 'y': {'citation': 'The United States could create more opportunities for diplomats, such as Foreign Service Officers abroad, to engage directly with local community members and leaders. Funding more locally-led peace initiatives with flexible funding over longer periods of time could create opportunities for sustained relationship-building. The United States. also holds a great deal of sway in determining who is and is not present at peace negotiations in many places around the world. We, therefore, have an opportunity to insist on the meaningful inclusion of women, youth, and people of other marginalized identity groups in formal peace processes from the very beginning.', 'positioning': 'This excerpt argues that the US has a responsibility to demand the inclusion of historically marginalized groups within these communities (i.e., women, youth and marginalized identity groups). As such, the authors highlight the importance of a more multilateral approach to foreign policy which creates room for the participation of stakeholders at all levels of the recipient states, thus highlighting a call for a more collaborative approach. As such this source ranks at a -8 on the collective side of the axis.'}, 'z': {'citation': 'Decolonization refers to deconstructing and dismantling neo-colonial ideologies regarding the superiority of Western approaches and working toward a redistribution of power that was accrued because of colonialism. Decolonization centers local inclusion. It asks us to be less risk-averse and more pro-community in our on-the-ground foreign engagement and less militaristic in our foreign policy. As a country that holds a significant amount of power, it is our responsibility to recognize the regions that have been destabilized by our past efforts to promote our own political and financial interests. To rectify the incredible disparity between certain countries, and especially the unequal global-local power dynamics, the United States will have to change its approach to peace to one that engages at a community-level in a meaningful way.', 'positioning': 'This excerpt first defines decolonization in the US foreign policy context as ""dismantling neo-colonial ideologies of Western supremacy” arguing that the best way to achieve this is to start by greater recipient community level inclusion and engagement. The authors highlight the current power imbalance, the need for prioritization of recipient state inclusion, and collaboration between the US and these local stakeholders. However the source does not offer examples or recommendations of/how this inclusion can happen, thus it ranks at a 4.'}}",['NGOs/Civil Society']
Aloudat and Khan,Decolonising Humanitarianism or Humanitarian Aid,2021,9,0,5,"{'x': {'citation': '“To ensure that humanitarian engagement moves from the position of willing complicity to active solidarity, following are some important considerations:
Move away from a Eurocentric, white savior view of humanitarian interventions.
View humanitarian functions as separate from the geopolitical hegemony of the Global North.
Move away from the pretense of “apolitical” humanitarianism. The attempt of depoliticizing humanitarianism is in itself a political position that accepts the status quo and delegitimizes any challenge to the current world order.
Link humanitarian aid with other social justice issues such as the action against racism, coloniality, and the effects of the climate crisis etc.
Move away from making decisions on behalf of people to following their lead and providing technical assistance and resources when they need it.
Prioritize “Indigenous” humanitarian actors in all countries who shoulder the burden of assistance. The international community should be working for them, not vice versa.”', 'positioning': 'This excerpt lists several recommendations for how humanitarian aid can move away from its problematic structure of willing complicity to active solidarity. The recommendations highlight the current linkages to neo-colonialism and hegemony largely led by Global North humanitarian aid actors, suggesting that these actors need to work for their recipient states rather than the other way around. As this is fundamentally contrary to the current system, which according to the authors is led by the global north, and given the specific recommendations on how to decolonize the existing system this source ranks at a 9 on the transformation side of the axis.'}, 'y': {'citation': '', 'positioning': 'This source does not adress themes of collective or individual.'}, 'z': {'citation': 'Prioritize “Indigenous” humanitarian actors in all countries who shoulder the burden of assistance. The international community should be working for them, not vice versa.', 'positioning': 'The final recommendation that the authors make demands that indigenous should be leading humanitarian aid work toward a shift of power and ownership from the Global North actors to the Global South actors. This thus aligns with a Global South perspective however still within the realms of cooperation and collaboration between both sides thus this source ranks at a 5 on the Global South side of the axis.'}}",['NGOs/Civil Society']
Collier,The Bottom Billion,2007,-6,4,-7,"{'x': {'citation': '“Change in the societies at the very bottom must come predominantly from within; we cannot impose it on them. In all these societies there are struggles between brave people wanting change and entrenched interests opposing it. To date, we have largely been bystanders in this struggle. We can do much more to strengthen the hand of the reformers. But to do so we will need to draw upon tools such as military interventions, international standard-setting, and trade policy—that to date have been used for other purposes. (p.xi)""', 'positioning': 'Collier argues to repair and extend the existing Western aid-and-intervention system rather than transform or reject it. They do this while criticizing the mechanisms and performative nature of Western development cooperation at the time but still arguing for approaches such as military intervention, thus ranking this source on the reform side at a -6.'}, 'y': {'citation': '“Technical assistance during the first four years of an incipient reform, and especially during the first two years, has a big favorable effect on the chances that the momentum of the reforms will be maintained. It also substantially reduces the chance that the reforms will collapse altogether. To me this makes sense, because these early periods of turnaround are when the courage of a few brave politicians meets the brick wall of obduracy and incompetence in the civil service. Beyond the few reforms that just require the minister to sign something—stroke-of-the-pen reforms—most reform needs technocrats and managers able to implement change. (p.114)” ', 'positioning': 'Collier suggests that development is engineered through expert-designed instruments, governance fixes, charters and targeted aid highlighting that a technocratic, and expert leadership is needed to uphold this.They highlight this broadly at the state level thus ranking it at a 4 on the individual axis. '}, 'z': {'citation': '“The militaries of the bottom billion are running an extortion racket and our aid programs are the victim. Coups are usually a dysfunctional way of changing government, and that is the core reason why we need to provide external military guarantees against them. But we might also bear in mind that if we provided military guarantees, the protection rackets would collapse. Governments could spend our aid on development instead of extortion. (p. 133-134)” 
', 'positioning': 'Agency is positioned with ""the West"" — including Western military intervention, citing military enforcement as necessary in certain instances, thus ranking it at -7 on the Western side of the axis.'}}",['Academia']
Moyo,Dead Aid,2009,-1,6,-1,"{'x': {'citation': 'We have offered an array of financing alternatives: trade, FD I , the capital markets, remittances, micro-finance and savings. It should come as no surprise that the Dead Aid prescriptions are market-based, since no economic ideology other than one rooted in the movement of capital and competition has succeeded in getting the greatest numbers of people out of poverty, in the fastest time. A World without Aid  Ultimately, where a country goes for its cash depends on its particular circumstances. For example, trade-oriented commodity-driven economies such as Zambia, Kenya and Uganda (actually the majority of African countries) should look at boosting trade with China and other emerging nations. And certainly the fifteen African countries which have recently acquired credit ratings should consider following Gabon and Ghana's lead in drawing on the capital markets. (p. 145-146)', 'positioning': 'The proposal suggests disrupting the aid apparatus but channels development into the existing global market order with the aim of transforming it into something different by increased cooperation with non-traditional Western partners and eventual independence for the recipient states. Thus it ranks at a -1 on the reform side of the axis. '}, 'y': {'citation': 'First, African governments should follow Asian emerging markets in accessing the international bond markets [...] Second, they should encourage the Chinese policy of large-scale direct investment in infrastructure [...] Fourth, they should encourage financial intermediation. Specifically, they need to foster the spread of microfinance institutions [...] (p. x).', 'positioning': 'While Moyo calls for local agency in this excerpt, the focus shifts toward market-based, individual solutions — bond issuance, microfinance, FDI, entrepreneurship. Thus, it ranks at a 6 on the individual side of the axis.
'}, 'z': {'citation': '“Western donors have an aid industry to feed, farmers to placate (vulnerable when trade barriers are removed), liberal constituencies with 'altruistic' intentions to allay, and, facing their own economic challenges, very little time to worry about Africa's demise. For the Western politician maintaining the status quo of aid, it is much easier just to sign a cheque. For African leaders too there is no immediate incentive to abandon the aid model — apart, of course, from the obvious one that were they to do so their countries' economic position would quickly improve. To appreciate the economic prospects in a nonaid environment, however, requires a long-term and selfless vision, and not the myopia so many policymakers (at home and abroad) are afflicted with today. Unfortunately, there are still only a handful of (African) policymakers critical of aid's dismal performance.” (p. 148)', 'positioning': 'In this excerpt, Moyo argues that it should be African leaders addressing African issues and not celebrities and voices from the West, highlighting that if the roles were reversed this would face more backlash from a Western audience. Thus this source ranks at a -1 on the Western side of the axis.'}}",['Academia']
OECD,Paris Declaration on Aid Effectiveness,2005,-7,-1,-5,"{'x': {'citation': 'We [...] resolve to take far-reaching and monitorable actions to reform the ways we deliver and manage aid [...] while the volumes of aid and other development resources must increase to achieve these goals, aid effectiveness must increase significantly as well [...] (p.1) ', 'positioning': 'This excerpt highlights a purely intra-systemic reform of aid delivery that optimises the existing donor–recipient architecture, placing it at a -7 on the reform side.'}, 'y': {'citation': 'Using a country's own institutions and systems [...] Country systems and procedures typically include, but are not restricted to, national arrangements and procedures for public financial management, accounting, auditing, procurement, results frameworks and monitoring [...] Managing for results means managing and implementing aid in a way that focuses on the desired results and uses information to improve decision-making” (pp. 4-7).', 'positioning': 'This excerpt highlights a multilateral donor-coordination framework operating at the level of systems and machinery rather than individuals, thus ranking slightly to the collective side of the axis at a -1.'}, 'z': {'citation': ‘Based on the results of these assessments, providers of development co-operation will decide on the extent to which they can use country systems. Where the full use of country systems is not possible, the provider of development co-operation will state the reasons for non-use […] (p. 5).', 'positioning': 'This excerpt highlights a DAC/OECD donor-led architecture in which even ""ownership"" is conferred by donors; it centres the Northern donor system, placing it on the Western side of the axis at a -5.'}}",['NGOs/Civil Society']
Easterly,The White Man's Burden,2006,4,8,-4,"{'x': {'citation': '“If you want to work on issues at a higher level, there should also be Searchers for how to make piecemeal changes to the foreign aid system to give more power and money to the working-level Searchers. One piecemeal change is honest and independent evaluation of aid agencies, which would make possible rewards for finding things that work and redirection of money to do more of those things. Searchers could think of mechanisms to let the poor themselves show what they want most and what they don’t. We will see that there is much scope for improvement just by having the West follow the rule “First do no harm.” This book will offer plenty more suggestions for experimental improvements to Western assistance, but don’t expect a Big Plan to reform foreign aid. The only Big Plan is to discontinue the Big Plans. The only Big Answer is that there is no Big Answer.” (p. 31)', 'positioning': 'Easterly seeks to dismantle the planning-based aid apparatus in favour of market/searcher mechanisms — a substantial reorientation of the model, thus ranking moderately transformative at a 4 on the the axis.'}, 'y': {'citation': '“We will see in the rest of the book the refreshing changes that can happen once the patronizing mind-set is abandoned - from ending conditions placed on aid and IMF loans, to ending military interventions, to giving matching grants that increase the opportunities of individuals” (p. 23)', 'positioning': ' The prescription in this excerpt is to ""aid individuals rather than governments,"" via market solutions and individual searchers thus ranking at an 8 on the individual side of the axis.'}, 'z': {'citation': ‘“Poor people have already accomplished far more for themselves than the Planners have accomplished for them, as we will see in a chapter on “home-grown development.” Although the West could help alleviate more of the poor’s sufferings if it relied more on Searchers in aid agencies and those on the ground such as Etenesh Ayele, the West cannot transform the Rest. It is a fantasy to think that the West can change complex societies with very different histories and cultures into some image of itself. The main hope for the poor is for them to be their own Searchers, borrowing ideas and technology from the West when it suits them to do so."" (pp. 24)', 'positioning': 'This excerpt acknowledges the capacity of recipient states to address their own issues and the failed attempts of the West to aid in this by striving toward their own image of development. While the author critiques Western paternalism, he prescribes market solutions, so it decentres Western planners from within a Western market-liberal frame — thus ranking moderately Western on the axis at a -4.'}}",['Academia']
Hickel,Apartheid in the World Bank and the IMF,2020,3,-6,5,"{'x': {'citation': '“There have long been calls by civil society and political leaders in the global South to democratise the World Bank and the IMF. At minimum, critics have argued that the leaders of these institutions should be elected in a transparent process. And they have called for a “double majority” system such that significant decisions should require not only shareholder majorities but also member-state majorities. This would ensure that global South countries have a fairer say in the decisions that affect them, and power to block harmful policies [...] Nelson Mandela called for democratic reform of voting power at the World Bank and the IMF. This represents an historic opening, and campaigners should seize it. If we want to have a shot at a fairer global economy, we need to start by decolonising the institutions of economic governance.” (Hickel, 2020).', 'positioning': 'Hickel presents a structural approach to decolonise existing institutions, such as the World Bank and IMF –using language of reform–thus ranking moderately at a 3 on the transformation side of the axis.'}, 'y': {'citation': '[Ctiritcs have] called for a 'double majority' system such that significant decisions should require not only shareholder majorities but also member-state majorities… [so] global South countries have a fairer say in decisions that affect them and power to block harmful policies.""', 'positioning': 'This excerpt highlights the collective and structural country blocs, civil-society and political-leader coalitions, governance architecture needed to decolonise the development cooperation system, thus ranking at a -6 on the collective side of the axis.'}, 'z': {'citation': ‘""For every vote that the average person in the global North has, the average person in the global South has only one-eighth of a vote (and the average South Asian has only one-20th of a vote)."" ', 'positioning': 'This excerpt centres on Global South subordination and advocates for a transfer of decision-making power to the South, placing it on the Global South pole.'}}",['Academia']
Hickel,Degrowth Is About Global Justice,2022,7,-7,-4,"{'x': {'citation': 'Degrowth is a call to liberate the South from imperial appropriation and decolonise the atmosphere [...] It is overwhelmingly the rich countries of the Global North: the United States, Canada, Europe, Israel, Australia, New Zealand and Japan [...] collectively responsible for 92 per cent of excess emissions. They have colonised the atmospheric commons for their own enrichment.” ', 'positioning': 'Degrowth, in this context, targets the foundational logic of capitalist growth itself rather than reforming its delivery, going beyond the current systems of development cooperation, and thus placing it at an 7 on the transformation side of the axis.'}, 'y': {'citation': '“The transition we need will not come easily. It requires grassroots movements capable of challenging the powerful class factions that benefit so prodigiously from the status quo. To succeed, the environmentalist movement will need to build strong alliances with labour unions and other working-class formations... to enable anyone to train for and participate in socially important and ecologically regenerative work [...]” (p.18)', 'positioning': 'The transition suggested is systemic and society-wide — alliances, labour union, and working class formations — located in collective structures, not individual actors thus it ranks at a -7 on the collective side of the axis.'}, 'z': {'citation': ‘""Virtually every major declaration that has come from Global South movements has the same message: the world economy is imperialist in nature and the ecological crisis is its consequence. Green politics in the Global North need to grapple with this analysis and align with the demands of Southern movements.” ', 'positioning': 'Highlights the need for the Global North's overconsumption and responsibility to change to better align with the needs of the Global South. While the goal is increased Southern the impetus is on the Global North to create the space for this to happen, thus lessening the Global South’s image as an independent actor. As such it ranks at a  −4 '}}",['Academia']
Bridgetown Initiative,Bridgetown Initiative,2025,5,-4,3,"{'x': {'citation': '“Tinkering at the margins of a broken system is akin to rearranging deck chairs on the Titanic. It is time to act in solidarity for people and planet.” (p. 2). ', 'positioning': ''}, 'y': {'citation': 'The commitment of developing countries to establish policy frameworks that preserve debt sustainability, while defining and delivering on robust plans to promote socially-inclusive, equitable, climate-resilient and environmentally sustainable development, must be supported. Such support must be realized through official development assistance and development  finance at a sufficient scale to enable countryowned, structural transformation strategies and move them up the value chain. (p.3)', 'positioning': 'This excerpt highlights the achievements the Global South has made toward sustainable development, but notes that the best way forward is in cooperation and with the support of ODA to scale up efforts. As such it ranks at a -4 on the collective side.'}, 'z': {'citation': ‘“We call on international financial institutions to give a stronger voice to developing countries in their governance and decision-making [...] and to include climate vulnerability, natural capital and biodiversity conservation needs in their criteria for allocating concessional finance, addressing the inequity of many countries being classified as ineligible solely on a GNI per capita basis.” (p. 4) ', 'positioning': 'The entire initiative is framed from the explicit perspective of climate-vulnerable, low- and middle-income developing nations. It directly challenges the inequitable governance of Western-dominated financial institutions, demanding that the Global North fulfill its structural and financial obligations to the nations currently bearing the asymmetric costs of a scorched Earth. It argues for increased autonomy on the part of developing countries but puts the responsibility on the Global North to change, thus it ranks at a 3.'}}",['Governments/Policy Statements']
Mottley,COP26 World Leaders Summit - Opening Ceremony,2021,6,5,7,"{'x': {'citation': '“On adaptation- Adaptation finance remains only 25 % – NOT the 50:50 split needed given the warming that is already taking place. Climate finance to frontline SiDs declined by 25% in 2019. Failure to provide this critical finance and that of loss and damage is measured in lives and livelihoods being lost in our communities. It is immoral and unjust. If Glasgow is to deliver on the promises of Paris, it must close these three gaps.” (p. 1)', 'positioning': 'Here Mottley argues that adaptation finance needs to be more equitably divided to best support those of the middle and low-income countries in the Caribbean and elsewhere. She demands that wealthy states deliver on their promises in the Paris Agreement to address losses of finance and life, thus working within the development systems in place. As such the source ranks at a 6 on the reform side of the axis.'}, 'y': {'citation': 'What excuse should we give for their failure? IN THE WORDS OF EDDY GRANT ‘WILL THEY MOURN US ON THE FRONTLINE?’  When will we as world leaders address the pressing issues that are cause our people to worry be it climate or vaccines? When will leaders lead? Our people are watching and taking note. (p. 2)', 'positioning': 'This excerpt highlights a call to action on the part of world leaders to address global issues like climate change. Here, Mottley highlights the importance of national leaders in leading action at the individual level, thus the source ranks at a 5 on the individual side of the axis.'}, 'z': {'citation': ‘“So I ask - what must we say to our people living on the frontline in the Caribbean , Africa and the Pacific when both ambition and some of the needed faces are absent?” (p. 1)', 'positioning': 'In this excerpt Mottley highlights how the Global South is suffering due to the failure of the Global North to make good on their promises in the Paris Agreement and toward equitable climate financing. She highlights the importance of increased Global South inclusion but through Global North action, thus the source ranks at a 7 on the Global South side of the axis.'}}",['Governments/Policy Statements']
Sanakra,A United Front Against Debt - Speech Before the Organization of African Union.,1987,7,9,8,"{'x': {'citation': 'Debt is neo-colonialism, in which colonizers have transformed themselves into “technical assistants.” We should rather say “technical assassins.” They present us with financing, with financial backers. As if someone’s backing could create development. We have been advised to go to these lenders. We have been offered nice financial arrangements. We have been indebted for 50, 60 years and even longer. That means we have been forced to compromise our people for over 50 years [...] “Debt cannot be repaid, first because if we don’t repay, lenders will not die. That is for sure. But if we repay, we are going to die.', 'positioning': 'Here Sankara highlights the flaws of the technical assistance system in perpetuating debt and thus a colonial continuity of Western supremacy. He points out that this is a historically flawed system. His refusal to pay to recognize the debt and pay it demonstrates that he does not buy into the current system of aid lending and resulting debt suggesting that he is on the transformation side. As this is not explicitly mentioned however, the source ranks at a 7 on the transformation side of the axis.'}, 'y': {'citation': 'Debt cannot be repaid, first because if we don't repay, lenders will not die. But if we repay, we are going to die. We think that debt has to be seen from the standpoint of its origins. Debt's origins come from colonialism's origins. Those who lent us money are those who colonized us. We had no connections with this debt. Therefore we cannot pay for it [...] If Burkina Faso stands alone in refusing to pay, I will not be here for the next conference!', 'positioning': 'In this section, Sankara highlights his willingness to take a stand as an individual to address the issue of odious debt of developing countries owed to developed countries who profited off of the former during the colonial era. As such this source ranks at a 5 on the individual axis demonstrating a firsthand example of individual action toward change in development cooperation.'}, 'z': {'citation': ‘We cannot repay but the others owe us what the greatest wealth could never repay, that is blood debt. Our blood had flowed. We hear about the Marshall Plan that rebuilt Europe’s economy. But we never hear about the African plan which allowed Europe to face Hitlerian hordes when their economies and their stability were at stake. Who saved Europe? Africa. It is rarely mentioned, to such a point that we cannot be the accomplices of that thankless silence.', 'positioning': 'Sankara argues here that Europe has taken action to rebuild its own economy in times of economic struggle, while continuously failing through its interventions in Africa to do the same there. As such, he argues that Africa needs to stand up for itself and has the power to do so, thus ranking at a 9 on the Global South side of the axis.'}}",['Governments/Policy Statements']